Format,Size,Minify,Gzip,Score,LCP (s),FID (ms),CLS (s),FCP (s),SI (s),TTI (s),User CPU (%),System CPU (%),Memory RSS (Kb),Heap Total (Kb),Heap Used (Kb),JS Heap Used Size (Kb),JS Heap Total Size (Kb)
json,extra-small,0,0,85,4.206810000000001,16,0,1.5794450000000002,1.5794450000000002,4.23681,1272.804,158.548,267120,162464,117052.5234375,117052.5234375,162464
json,extra-small,0,0,85,4.2067827,16,0,1.5803388500000002,1.5803388500000002,4.2367827,2024.531,229.462,360720,263376,229281.0703125,229281.0703125,263376
json,extra-small,0,0,85,4.2826052,16,0.0010775334589160877,1.5809377749999998,1.5809377749999998,4.3051052,2826.427,295.472,360080,177056,124268.953125,124268.953125,177056
json,extra-small,0,0,85,4.20692425,16,0,1.5794621750000002,1.5794621750000002,4.23692425,3306.072,334.587,373264,261840,236519.53125,236519.53125,261840
json,extra-small,0,0,85,4.20708125,16,0,1.580504525,1.580504525,4.23708125,3870.461,378.689,370448,178592,125828.125,125828.125,178592
json,extra-small,0,0,80,4.2824249,16,0.13188600162141736,1.5801791500000002,1.5801791500000002,4.3049249,4564.73,439.586,371200,151456,120437.765625,120437.765625,151456
json,extra-small,0,0,74,4.357122599999999,16,0.21981000270236228,1.5803150499999998,1.5803150499999998,4.3721226,5046.238,489.985,370736,183936,104242.5078125,104242.5078125,183936
json,extra-small,0,0,85,4.20667475,16,0,1.5794010499999998,1.5794010499999998,4.23667475,5612.233,535.371,370992,148352,111333.328125,111333.328125,148352
json,extra-small,0,0,85,4.28263025,16,0,1.5818263750000001,1.5818263750000001,4.30513025,6179.569,584.053,373200,155040,127349.0234375,127349.0234375,155040
json,extra-small,0,0,85,4.20796805,16,0,1.580108075,1.580108075,4.237968049999999,6758.362,630.953,372208,151424,109884.8671875,109884.8671875,151424
json,extra-small,0,1,91,2.1809871750000003,16,0.1624399964985251,1.579959125,1.579959125,2.2034895375000003,7270.194,678.228,373056,162768,127842.4296875,127842.4296875,162768
json,extra-small,0,1,87,2.1808427999999997,16,0.21981000270236228,1.5798431249999998,1.5798431249999998,2.2033448250000003,7756.333,726.814,375376,206256,98531.8046875,98531.8046875,206256
json,extra-small,0,1,82,2.2569789,16,0.31246423433610665,1.5808038500000003,1.5808038500000003,2.2719794099999997,8312.333,781.287,376864,209360,123563.46875,123563.46875,209360
json,extra-small,0,1,82,2.25588405,16,0.31246423433610665,1.5798697750000001,1.5798697750000001,2.2708854900000004,8885.488,850.477,377072,201936,122775.8515625,122775.8515625,201936
json,extra-small,0,1,87,2.2557778500000003,16,0.21981000270236228,1.5797732249999998,1.5797732249999998,2.2707796350000002,9359.864,906.856,377376,263216,238160.625,238160.625,263216
json,extra-small,0,1,87,2.2570271999999996,16,0.21981000270236228,1.5808546,1.5808546,2.2720272599999998,9948.801,966.928,372976,181712,120250.53125,120250.53125,181712
json,extra-small,0,1,87,2.2568838,16,0.21981000270236228,1.5806955500000002,1.5806955500000002,2.2718855550000003,10440.743,1018.164,372096,216496,109751.734375,109751.734375,216496
json,extra-small,0,1,98,2.1061605,16,0,1.580106525,1.580106525,2.13616413,10941.884,1059.602,373184,212944,125314.234375,125314.234375,212944
json,extra-small,0,1,98,2.18109015,16,0.0010775334589160877,1.5800555749999998,1.5800555749999998,2.2035916799999997,11531.699,1115.293,373552,151248,125180.875,125180.875,151248
json,extra-small,0,1,87,2.2565287499999993,16,0.21981000270236228,1.5804000249999999,1.5804000249999999,2.27153049,12088.212,1167.507,373600,156368,125644.828125,125644.828125,156368
json,extra-small,1,0,77,3.15590255,16,0.31246423433610665,1.58003245,1.58003245,3.1709025499999997,12537.511,1215.999,377728,267280,242551.2421875,242551.2421875,267280
json,extra-small,1,0,82,3.1567755499999994,16,0.21981000270236228,1.58010495,1.58010495,3.17177555,13080.331,1269.879,375840,175536,120693.8203125,120693.8203125,175536
json,extra-small,1,0,70,3.1564848500000005,16,0.63028937465347,1.58183925,1.58183925,3.17148485,13543.791,1319.091,379792,267504,239317.703125,239317.703125,267504
json,extra-small,1,0,94,3.00591925,16,0,1.5798685749999999,1.5798685749999999,3.03591925,14110.393,1366.539,374848,153232,109354.0625,109354.0625,153232
json,extra-small,1,0,94,3.0062038,16,0,1.579826,1.579826,3.0362038,14719.547,1418.702,375904,153776,122823.5859375,122823.5859375,153776
json,extra-small,1,0,94,3.0061974,16,0,1.5800251500000002,1.5800251500000002,3.0361974000000003,15103.042,1458.532,379808,264176,231107.7421875,231107.7421875,264176
json,extra-small,1,0,94,3.0064504000000003,16,0,1.579779425,1.579779425,3.0364504000000005,15653.12,1506.9,375920,164016,124112.8828125,124112.8828125,164016
json,extra-small,1,0,94,3.0074420500000003,16,0.007428694036299378,1.57994415,1.57994415,3.0374420500000006,16264.042,1564.601,374160,160432,124549.1015625,124549.1015625,160432
json,extra-small,1,0,77,3.1558628,16,0.31246423433610665,1.5800877249999998,1.5800877249999998,3.1708628000000005,16702.213,1610.719,377984,265712,240328.1796875,240328.1796875,265712
json,extra-small,1,0,71,3.1569940000000005,16,0.5359211504205547,1.5831744750000003,1.5831744750000003,3.1719940000000006,17261.635,1666.026,374080,169392,123307.9765625,123307.9765625,169392
json,extra-small,1,1,87,2.180842425,16,0.21981000270236228,1.579841375,1.579841375,2.1883431375,17927.922,1727.555,372800,154288,103178.4921875,103178.4921875,154288
json,extra-small,1,1,76,2.25846915,16,0.5359211504205547,1.5820177250000003,1.5820177250000003,2.27347086,18443.494,1776.569,373856,169168,127388.8671875,127388.8671875,169168
json,extra-small,1,1,98,2.10953445,16,0,1.5829204,1.5829204,2.13953778,18953.909,1825.233,373968,176848,120407.109375,120407.109375,176848
json,extra-small,1,1,98,2.1069843,16,0,1.580796175,1.580796175,2.13698751,19532.808,1872.16,372912,143280,109962.484375,109962.484375,143280
json,extra-small,1,1,98,2.10616845,16,0,1.5801106750000005,1.5801106750000005,2.13617241,20002.058,1915.408,373984,166352,118208.6796875,118208.6796875,166352
json,extra-small,1,1,98,2.1064423500000005,16,0,1.5803436500000003,1.5803436500000003,2.1364456800000005,20566.57,1963.375,372928,143280,110238.203125,110238.203125,143280
json,extra-small,1,1,98,2.1062656499999997,16,0,1.5801932499999998,1.5801932499999998,2.1362694,21029.999,2002.536,372928,174768,110107.9921875,110107.9921875,174768
json,extra-small,1,1,98,2.10605535,16,0,1.5800247499999998,1.5800247499999998,2.1360582,21539.056,2046.795,373984,152016,126815.3671875,126815.3671875,152016
json,extra-small,1,1,98,2.1072879,16,0,1.581052775,1.581052775,2.1372906300000003,22163.808,2095.26,374000,151248,123475.9140625,123475.9140625,151248
json,extra-small,1,1,98,2.10587235,16,0,1.5798673000000003,1.5798673000000003,2.13587586,22621.988,2138.651,373008,186288,107904.3046875,107904.3046875,186288
html,extra-small,0,0,77,1.5318757,16,0.63028937465347,1.2308757000000001,1.2308757000000001,1.5318757,23173.033,2189.016,374064,152384,122403.5546875,122403.5546875,152384
html,extra-small,0,0,77,1.5317901999999999,16,0.63028937465347,1.2327902,1.2327902,1.5317901999999999,23682.059,2242.488,374192,171584,124875.8828125,124875.8828125,171584
html,extra-small,0,0,77,1.53184695,16,0.631366908112386,1.23284695,1.23284695,1.53184695,24119.892,2285.516,373168,189488,109629.875,109629.875,189488
html,extra-small,0,0,77,1.53177765,16,0.63028937465347,1.23277765,1.23277765,1.53177765,24675.639,2335.334,373152,147488,109061.0625,109061.0625,147488
html,extra-small,0,0,77,1.53189905,16,0.63028937465347,1.2328990499999999,1.2328990499999999,1.53189905,25389.351,2402.089,355280,147264,117282.515625,117282.515625,147264
html,extra-small,0,0,77,1.53216445,16,0.63028937465347,1.23416445,1.23416445,1.53216445,25842.215,2447.258,354256,185120,104896.3515625,104896.3515625,185120
html,extra-small,0,0,76,1.5317546499999999,16,0.8195356856236289,1.22875465,1.22875465,1.5317546499999999,26363.035,2496.98,355360,192592,119516.515625,119516.515625,192592
html,extra-small,0,0,77,1.53206565,16,0.63028937465347,1.23206565,1.23206565,1.53206565,26867.722,2545.351,355376,173120,118717.2265625,118717.2265625,173120
html,extra-small,0,0,77,1.5318211000000002,16,0.6458192643528542,1.2328211000000002,1.2328211000000002,1.5318211000000002,27314.583,2589.733,354384,185904,111423.5390625,111423.5390625,185904
html,extra-small,0,0,77,1.5317852,16,0.6458192643528542,1.2317852,1.2317852,1.5317852000000003,27889.671,2641.689,354384,154416,103552.8046875,103552.8046875,154416
html,extra-small,0,1,77,0.93432185,16,0.641321987664081,0.6383218500000001,0.6383218500000001,0.93432185,28442.681,2699.106,355200,165728,122152.5234375,122152.5234375,165728
html,extra-small,0,1,77,0.9322288999999999,16,0.641321987664081,0.6352289,0.6352289,0.9322289,28916.577,2746.728,355264,186944,105953.921875,105953.921875,186944
html,extra-small,0,1,77,0.93204785,16,0.63028937465347,0.6310478500000001,0.6310478500000001,0.93204785,29396.498,2791.859,355264,185664,110989.171875,110989.171875,185664
html,extra-small,0,1,77,0.93212885,16,0.6524994514790801,0.6291288500000001,0.6291288500000001,0.93212885,29995.434,2846.083,356320,149856,124288.6875,124288.6875,149856
html,extra-small,0,1,77,0.9320906,16,0.63028937465347,0.6330906,0.6330906,0.9320906,30523.623,2897.203,356320,162912,121543.3359375,121543.3359375,162912
html,extra-small,0,1,76,1.1122495,16,0.7957227251009522,0.6332495,0.6332495,1.1122495,31012.992,2949.169,355360,186688,102862.1796875,102862.1796875,186688
html,extra-small,0,1,77,0.9324462499999999,16,0.63028937465347,0.63544625,0.63544625,0.9324462499999999,31510.681,2995.882,356416,176992,123914.46875,123914.46875,176992
html,extra-small,0,1,77,0.9320381,16,0.63028937465347,0.6300380999999999,0.6300380999999999,0.9320381,31935.137,3045.262,359808,258704,233859.4453125,233859.4453125,258704
html,extra-small,0,1,77,0.9321384,16,0.63028937465347,0.6331384000000001,0.6331384000000001,0.9321384,32462.313,3095.068,356448,177760,124641.6875,124641.6875,177760
html,extra-small,0,1,77,0.9321636999999999,16,0.63028937465347,0.6341637,0.6341637,0.9321636999999999,33038.291,3146.246,355392,149056,109301.0546875,109301.0546875,149056
json,small,0,0,74,11.639236499999999,16,0,1.5789422000000002,1.5789422000000002,11.661736500000002,33916.692,3251.242,368480,259952,232864.6640625,232864.6640625,259952
json,small,0,0,74,11.642847600000001,16,0,1.5796614750000004,1.5796614750000004,11.6653476,34833.491,3380.786,463664,260992,236241.296875,236241.296875,260992
json,small,0,0,74,11.6395124,16,0,1.5791753,1.5791753,11.6620124,35733.896,3487.011,483840,258432,225302.328125,225302.328125,258432
json,small,0,0,74,11.63940345,16,0,1.5792064249999997,1.5792064249999997,11.661903450000002,36621.906,3595.534,492896,262272,217632.921875,217632.921875,262272
json,small,0,0,74,11.64107475,16,0,1.5796799999999998,1.5796799999999998,11.66357475,37480.72,3699.185,492912,257920,222193.0234375,222193.0234375,257920
json,small,0,0,74,11.63957755,16,0,1.5793175999999998,1.5793175999999998,11.662077550000001,38339.665,3808.842,501120,274224,227431.328125,227431.328125,274224
json,small,0,0,74,11.6389083,16,0,1.5789309500000002,1.5789309500000002,11.661408300000002,39189.638,3916.626,503264,283520,226729.7265625,226729.7265625,283520
json,small,0,0,74,11.6419537,16,0,1.5809065750000002,1.5809065750000002,11.664453700000001,40049.15,4024.263,503376,281728,223992.9765625,223992.9765625,281728
json,small,0,0,74,11.63943405,16,0,1.5792495,1.5792495,11.66193405,40901.142,4131.358,503408,270720,223328.9921875,223328.9921875,270720
json,small,0,0,74,11.638753000000001,16,0,1.5791638499999996,1.5791638499999996,11.661253,41745.5,4238.766,503440,261248,233262,233262,261248
json,small,0,1,97,2.4795093750000006,16,0,1.5787056750000001,1.5787056750000001,2.5020115575000004,42566.783,4343.776,501536,262608,219817.53125,219817.53125,262608
json,small,0,1,97,2.4804260250000003,16,0,1.5794534249999999,1.5794534249999999,2.5029288825000005,43394.666,4450.028,501568,271568,224570.84375,224570.84375,271568
json,small,0,1,97,2.480076525,16,0,1.5791718500000003,1.5791718500000003,2.5025789775000002,44214.743,4556.437,501568,268752,220691.84375,220691.84375,268752
json,small,0,1,97,2.4811077749999995,16,0,1.5800322999999998,1.5800322999999998,2.5036101824999997,45098.668,4663.377,501664,269024,225531.34375,225531.34375,269024
json,small,0,1,97,2.480227425,16,0,1.5793169500000002,1.5793169500000002,2.5027290675000002,45935.93,4765.183,501648,274640,223382.84375,223382.84375,274640
json,small,0,1,97,2.48123625,16,0,1.5801302249999998,1.5801302249999998,2.50373904,46790.285,4873.964,501712,276944,226511.125,226511.125,276944
json,small,0,1,97,2.479771425,16,0,1.578922975,1.578922975,2.5022736525000004,47654.455,4981.088,501712,285120,220504.6171875,220504.6171875,285120
json,small,0,1,97,2.4801528,16,0,1.5792338,1.5792338,2.5026553199999997,48478.646,5086.581,501792,282832,229017.5,229017.5,282832
json,small,0,1,97,2.480002425000001,16,0,1.5791090250000002,1.5791090250000002,2.502504922500001,49298.232,5192.131,501808,279776,220723.25,220723.25,279776
json,small,0,1,97,2.481731624999999,16,0,1.5805478749999997,1.5805478749999997,2.5042342125,50136.205,5295.674,501856,283600,224373.515625,224373.515625,283600
json,small,1,0,77,6.4605357,16,0,1.5794098999999997,1.5794098999999997,6.490535700000001,50969.204,5398.568,502800,286592,225338.9140625,225338.9140625,286592
json,small,1,0,77,6.4643755999999994,16,0,1.5792896499999998,1.5792896499999998,6.4943756,51919.526,5514.235,503984,282240,228329.5546875,228329.5546875,282240
json,small,1,0,77,6.4615187999999995,16,0,1.5789770749999998,1.5789770749999998,6.4915188,52753.309,5620.154,504000,301152,220239.9140625,220239.9140625,301152
json,small,1,0,77,6.4599858999999995,16,0,1.5792688499999998,1.5792688499999998,6.4899859,53598.878,5720.674,504048,313472,215103.515625,215103.515625,313472
json,small,1,0,77,6.4611391000000005,16,0,1.5790022750000001,1.5790022750000001,6.491139100000001,54430.345,5824.568,504032,300144,218745.6171875,218745.6171875,300144
json,small,1,0,77,6.461642400000001,16,0,1.580505675,1.580505675,6.491642400000001,55271.323,5932.845,504048,292464,226131.390625,226131.390625,292464
json,small,1,0,77,6.46113975,16,0,1.579115025,1.579115025,6.49113975,56137.188,6037.013,506080,292464,226533.8203125,226533.8203125,292464
json,small,1,0,77,6.4607433,16,0,1.5787555750000002,1.5787555750000002,6.4907433,56973.522,6139.278,506096,297328,228903.3828125,228903.3828125,297328
json,small,1,0,77,6.462387349999999,16,0,1.5788102249999998,1.5788102249999998,6.492387349999999,57809.387,6244.528,506112,301664,218869.296875,218869.296875,301664
json,small,1,0,77,6.460879050000001,16,0,1.5787454000000003,1.5787454000000003,6.49087905,58674.463,6350.605,506176,309360,224382.9296875,224382.9296875,309360
json,small,1,1,97,2.4050809499999994,16,0,1.579181875,1.579181875,2.43508425,59533.189,6453.929,505248,298448,222216.1015625,222216.1015625,298448
json,small,1,1,97,2.4084258000000003,16,0,1.581965925,1.581965925,2.4384293100000005,60419.998,6564.547,505264,298192,217999.5625,217999.5625,298192
json,small,1,1,97,2.4052209,16,0,1.579298975,1.579298975,2.43522417,61252.911,6670.638,505296,295120,220936.46875,220936.46875,295120
json,small,1,1,97,2.4051907499999996,16,0,1.579282875,1.579282875,2.4351934500000003,62139.83,6781.526,506288,307408,224181.390625,224181.390625,307408
json,small,1,1,97,2.4047511,16,0,1.5789165,1.5789165,2.4347538,62955.846,6884.387,506272,306112,220459.6015625,220459.6015625,306112
json,small,1,1,97,2.4047947499999998,16,0,1.5789305499999997,1.5789305499999997,2.43479886,63802.525,6987.735,506352,306384,227327.90625,227327.90625,306384
json,small,1,1,97,2.4050190000000002,16,0,1.5791293,1.5791293,2.4350223600000005,64645.044,7088.341,506352,319696,219505.671875,219505.671875,319696
json,small,1,1,97,2.40670695,16,0,1.5805492249999997,1.5805492249999997,2.43670947,65607.591,7207.205,506352,312016,227347.3359375,227347.3359375,312016
json,small,1,1,97,2.4052452000000004,16,0,1.579309725,1.579309725,2.4352490700000007,66467.595,7313.219,506384,311504,218967.65625,218967.65625,311504
json,small,1,1,97,2.40514095,16,0,1.5792352,1.5792352,2.43514404,67303.743,7418.011,506384,313552,228297.234375,228297.234375,313552
html,small,0,0,65,3.1864847,50,0.6540185681086246,2.9414847,2.9414847,3.1864847,68315.092,7548.793,510576,290784,227367.8671875,227367.8671875,290784
html,small,0,0,65,3.1857961500000003,49,0.6540185681086246,2.94079615,2.94079615,3.1857961500000003,69343.788,7684.806,510576,290528,224811.8203125,224811.8203125,290528
html,small,0,0,65,3.18511505,49,0.6540185681086246,2.9401150499999997,2.9401150499999997,3.1851150500000003,70355.205,7813.599,510608,295920,226057.4921875,226057.4921875,295920
html,small,0,0,64,3.1880458,48,0.7311115690619552,2.9490458,2.9490458,3.1880458,71370.965,7943.372,510592,291552,235561.5625,235561.5625,291552
html,small,0,0,64,3.18572525,36,0.8914198914992868,2.94672525,2.94672525,3.1857252500000004,72421.75,8081.174,510608,309984,232240.4609375,232240.4609375,309984
html,small,0,0,65,3.1858841,52,0.6540185681086246,2.9458841000000002,2.9458841000000002,3.1858841,73474.992,8217.398,510656,320752,226746.96875,226746.96875,320752
html,small,0,0,65,3.1901316,58,0.6540185681086246,2.9661316,2.9661316,3.1901316000000004,74575.928,8359.685,510720,308192,229573.09375,229573.09375,308192
html,small,0,0,65,3.18647605,54,0.6540185681086246,2.95947605,2.95947605,3.18647605,75691.248,8509.76,510960,319968,226159.9921875,226159.9921875,319968
html,small,0,0,64,3.1882202,42,0.7836899742989621,2.9502202,2.9502202,3.1882202,76834.153,8658.973,510992,325856,222849.546875,222849.546875,325856
html,small,0,0,65,3.1861527,50,0.6540185681086246,2.9431527,2.9431527,3.1861527000000005,77891.754,8798.143,511040,317664,229336.296875,229336.296875,317664
html,small,0,1,77,0.9382817,52,0.6540185681086246,0.7102817,0.7102817,0.9382817,78946.478,8940.389,510160,332384,227096.53125,227096.53125,332384
html,small,0,1,76,0.9376747000000001,36,0.8914198914992868,0.7106747,0.7106747,0.9376747000000001,80008.198,9075.624,510160,335968,224505.6328125,224505.6328125,335968
html,small,0,1,77,0.9372339,44,0.7105678892592486,0.6942339,0.6942339,0.9372339,81301.214,9249.561,514320,318560,226153.1640625,226153.1640625,318560
html,small,0,1,77,0.936885,54,0.6540185681086246,0.695885,0.695885,0.936885,82334.558,9384.701,514336,324192,227271.75,227271.75,324192
html,small,0,1,77,0.9366981,51,0.6540185681086246,0.6916981,0.6916981,0.9366981,83341.345,9518.585,514336,310624,228542.5390625,228542.5390625,310624
html,small,0,1,77,0.93755325,41,0.6968803088579503,0.69455325,0.69455325,0.9375532500000001,84352.649,9651.627,514336,318048,220656.4765625,220656.4765625,318048
html,small,0,1,77,0.9373196,48,0.6540185681086246,0.6943196,0.6943196,0.9373196,85344.949,9785.295,514368,329312,225357.1796875,225357.1796875,329312
html,small,0,1,77,0.93665625,49,0.6540185681086246,0.69365625,0.69365625,0.93665625,86333.732,9917.782,514384,313184,224064.1953125,224064.1953125,313184
html,small,0,1,77,0.9364198499999999,50,0.6540185681086246,0.69241985,0.69241985,0.9364198499999999,87323.237,10049.518,514400,326768,226342.7890625,226342.7890625,326768
html,small,0,1,77,0.9370474000000001,50,0.6540185681086246,0.6930474000000001,0.6930474000000001,0.9370474000000001,88324.659,10184.225,514384,322912,223206.0625,223206.0625,322912
json,medium,0,0,74,40.6156894,16,0,1.5793686249999996,1.5793686249999996,40.6381894,90942.444,10596.525,740832,602432,572291.46875,572291.46875,602432
json,medium,0,0,74,40.61736355,16,0,1.5817955499999998,1.5817955499999998,40.63986355,93300.585,10964.078,856816,704208,660070.875,660070.875,704208
json,medium,0,0,74,40.61429115000001,16,0,1.57913875,1.57913875,40.63679115000001,95982.129,11365.994,882176,633312,600801.3984375,600801.3984375,633312
json,medium,0,0,74,40.61482965,16,0,1.57908955,1.57908955,40.63732965,98312.206,11705.786,890720,705248,659444.1796875,659444.1796875,705248
json,medium,0,0,74,40.614699099999996,16,0,1.5790219,1.5790219,40.6371991,100918.091,12076.461,892032,641600,609159.1015625,609159.1015625,641600
json,medium,0,0,74,40.61398085,16,0,1.578811725,1.578811725,40.63648085,103299.034,12411.205,901280,705264,658403.0078125,658403.0078125,705264
json,medium,0,0,74,40.616504799999994,16,0,1.5791439500000002,1.5791439500000002,40.639004799999995,105946.56,12745.823,901280,640992,604300.125,604300.125,640992
json,medium,0,0,74,40.61925085,16,0,1.580423975,1.580423975,40.641750849999994,108343.346,13085.535,907296,702784,660139.1796875,660139.1796875,702784
json,medium,0,0,74,40.6141075,16,0,1.5791742500000001,1.5791742500000001,40.636607500000004,110991.641,13479.554,917536,618384,587007.8046875,587007.8046875,618384
json,medium,0,0,74,40.61445692499986,16,0,1.5788585,1.5788585,40.63695703749986,113277.797,13815.926,928192,696544,650607.578125,650607.578125,696544
json,medium,0,1,87,3.9593425,16,0,1.578814175,1.578814175,3.9893425000000007,115489.755,14154.127,947152,686688,646113.203125,646113.203125,686688
json,medium,0,1,87,3.9602329,16,0,1.5792411,1.5792411,3.9902329,118078.877,14540.148,947568,603232,562898.25,562898.25,603232
json,medium,0,1,87,3.9633634,16,0,1.578796675,1.578796675,3.9933634000000002,120334.342,14873.226,947760,683296,650588.125,650588.125,683296
json,medium,0,1,87,3.9636451500000005,16,0,1.5808718750000004,1.5808718750000004,3.9936451500000003,122574.424,15209.876,967408,706528,666763.0390625,666763.0390625,706528
json,medium,0,1,87,3.96090135,16,0,1.5788980750000001,1.5788980750000001,3.99090135,125090.86,15559.35,967408,707552,660970.3515625,660970.3515625,707552
json,medium,0,1,87,3.9599078499999996,16,0,1.5787929250000001,1.5787929250000001,3.98990785,127597.522,15929.504,957968,696368,655479.1328125,655479.1328125,696368
json,medium,0,1,87,3.9608015500000002,16,0,1.5792008499999997,1.5792008499999997,3.99080155,130042.369,16290.195,948096,617584,581618.1953125,581618.1953125,617584
json,medium,0,1,87,3.96041,16,0,1.5792054000000002,1.5792054000000002,3.99041,132910.705,16788.072,785360,630384,587208.0625,587208.0625,630384
json,medium,0,1,87,3.9598848999999996,16,0,1.579508225,1.579508225,3.9898849,135432.684,17194.268,962960,673632,629923.4765625,629923.4765625,673632
json,medium,0,1,87,3.96236635,16,0,1.5793825750000001,1.5793825750000001,3.99236635,138039.275,17581.268,933936,674992,636189.421875,636189.421875,674992
json,medium,1,0,74,20.0526446,16,0,1.58013535,1.58013535,20.075144599999998,140602.649,17975.668,991328,681344,640473.515625,640473.515625,681344
json,medium,1,0,74,20.053376449999995,16,0,1.5792444999999997,1.5792444999999997,20.07587645,143010.848,18327.771,1001184,682384,640323.7734375,640323.7734375,682384
json,medium,1,0,74,20.052106249999998,16,0,1.5797335499999998,1.5797335499999998,20.074606250000002,145409.05,18672.878,995328,691072,644437.8125,644437.8125,691072
json,medium,1,0,74,20.051795100000003,16,0,1.5792845750000002,1.5792845750000002,20.074295100000004,148303.918,19071.942,996688,630416,554935.890625,554935.890625,630416
json,medium,1,0,74,20.052180649999997,16,0,1.580439725,1.580439725,20.074680649999998,150866.074,19439.76,996304,687504,641120.6328125,641120.6328125,687504
json,medium,1,0,74,20.054341549999997,16,0,1.5810679,1.5810679,20.07684155,153748.345,19841.21,1004768,648288,552761.9921875,552761.9921875,648288
json,medium,1,0,74,20.05133105,16,0,1.5792002000000003,1.5792002000000003,20.07383105,156144.894,20171.984,996176,672288,626149.0703125,626149.0703125,672288
json,medium,1,0,74,20.0758432,16,0,1.5796947250000002,1.5796947250000002,20.098343200000002,158613.305,20530.439,1047056,667792,621790.546875,621790.546875,667792
json,medium,1,0,74,20.0532689,16,0,1.580055875,1.580055875,20.0757689,161053.509,20868.341,1043248,680064,641129.78125,641129.78125,680064
json,medium,1,0,74,20.052497499999998,16,0,1.5796723499999998,1.5796723499999998,20.074997500000002,163485.012,21207.332,1040976,683136,650035.4140625,650035.4140625,683136
json,medium,1,1,91,3.4179380499999996,16,0,1.57917855,1.57917855,3.44043805,165814.814,21548.424,1027456,691040,643748.1171875,643748.1171875,691040
json,medium,1,1,91,3.41750585,16,0,1.5792343999999998,1.5792343999999998,3.4400058500000004,168557.162,21937.267,1015744,624736,550840.1796875,550840.1796875,624736
json,medium,1,1,91,3.416857,16,0,1.57924355,1.57924355,3.4393569999999998,170801.192,22244.456,973984,684400,644677.046875,644677.046875,684400
json,medium,1,1,91,3.41648595,16,0,1.5793904499999998,1.5793904499999998,3.43898595,173360.45,22618.525,966032,599840,569255.1640625,569255.1640625,599840
json,medium,1,1,91,3.41597325,16,0,1.57920635,1.57920635,3.43847325,175622.886,22945.256,965952,685664,638827.2421875,638827.2421875,685664
json,medium,1,1,91,3.4139448000000003,16,0,1.57902155,1.57902155,3.4364448000000003,177892.998,23256.755,987392,706032,664502.3984375,664502.3984375,706032
json,medium,1,1,91,3.4139803499999997,16,0,1.5792357750000001,1.5792357750000001,3.4364803499999996,180814.827,23692.465,883488,695328,658610.2578125,658610.2578125,695328
json,medium,1,1,91,3.41630165,16,0,1.5800225999999997,1.5800225999999997,3.4388016500000003,183467.484,24092.995,896192,607328,565183.9140625,565183.9140625,607328
json,medium,1,1,91,3.4139905499999994,16,0,1.5792717250000001,1.5792717250000001,3.4364905499999994,185729.021,24428.704,899344,678240,645542.8359375,645542.8359375,678240
json,medium,1,1,91,3.4142879999999995,16,0,1.579167825,1.579167825,3.4367879999999995,187947.43,24764.631,926752,697392,650549.8671875,650549.8671875,697392
html,medium,0,0,31,9.64982805,193,0.6457195437011172,9.59882805,9.59882805,9.925128050000001,192576.221,25634.245,866496,610272,567382.953125,567382.953125,610272
html,medium,0,0,30,9.6495103,204,0.6457195437011172,9.6035103,9.6035103,10.0119603,196801.279,26423.94,882976,662720,621422.6640625,621422.6640625,662720
html,medium,0,0,31,9.6491743,194,0.6457195437011172,9.599174300000001,9.599174300000001,9.924924300000002,201091.627,27235.702,957184,655344,619799.4140625,619799.4140625,655344
html,medium,0,0,32,9.6494792,188,0.6457195437011172,9.5964792,9.5964792,9.9167792,205324.67,28002.79,964304,672224,628863.5,628863.5,672224
html,medium,0,0,32,9.64968915,187,0.6457195437011172,9.59768915,9.59768915,9.918989150000002,209556.118,28763.044,952848,667120,631438.90625,631438.90625,667120
html,medium,0,0,31,9.65064505,197,0.6457195437011172,9.59964505,9.59964505,9.931945049999998,213934.558,29550.761,957296,674320,634447.7890625,634447.7890625,674320
html,medium,0,0,31,9.6520388,193,0.6457195437011172,9.6000388,9.6000388,9.932338800000002,218264.42,30374.583,931200,658416,626125.8359375,626125.8359375,658416
html,medium,0,0,32,9.64954365,188,0.6457195437011172,9.59254365,9.59254365,9.91129365,222529.901,31163.827,954864,663008,620396.3125,620396.3125,663008
html,medium,0,0,32,9.6491922,189,0.6457195437011172,9.5981922,9.5981922,9.918492200000001,226721.668,31950.072,976672,708752,669026.9375,669026.9375,708752
html,medium,0,0,31,9.6499668,210,0.6457195437011172,9.5969668,9.5969668,9.9498168,230909.013,32704.351,965392,692736,657995.3125,657995.3125,692736
html,medium,0,1,73,1.1028860999999999,202,0.6457195437011172,1.0498861,1.0498861,1.4624361,235373.883,33539.789,936688,680240,632232.3203125,632232.3203125,680240
html,medium,0,1,75,1.10224065,192,0.6457195437011172,1.04924065,1.04924065,1.37599065,239703.781,34334.58,919840,663904,628293.390625,628293.390625,663904
html,medium,0,1,75,1.1028121000000002,185,0.6457195437011172,1.0418121,1.0418121,1.3595621,243943.252,35134.599,983056,688432,647414.5546875,647414.5546875,688432
html,medium,0,1,75,1.102738,194,0.6457195437011172,1.050738,1.050738,1.379938,248346.55,35915.822,961328,679232,643651.0625,643651.0625,679232
html,medium,0,1,72,1.1041956,218,0.6457195437011172,1.0571956,1.0571956,1.5102955999999998,252971.828,36901.164,944272,671440,631883.1015625,631883.1015625,671440
html,medium,0,1,75,1.10208925,192,0.6457195437011172,1.05408925,1.05408925,1.3782892500000004,257119.122,37643.19,984864,691776,654782.171875,654782.171875,691776
html,medium,0,1,75,1.10267455,199,0.6457195437011172,1.0506745499999999,1.0506745499999999,1.38642455,261419.737,38417.201,986704,642368,598530.703125,598530.703125,642368
html,medium,0,1,73,1.1022024000000001,213,0.6457195437011172,1.0522024,1.0522024,1.4469024000000004,265633.411,39136.657,985712,675088,634845.7421875,634845.7421875,675088
html,medium,0,1,75,1.10230095,202,0.6457195437011172,1.05030095,1.05030095,1.38450095,270134.554,39967.337,987424,694592,650041.296875,650041.296875,694592
html,medium,0,1,72,1.10411475,217,0.6457195437011172,1.0561147499999999,1.0561147499999999,1.5456647499999998,274734.28,40800.523,990064,611024,567363.0390625,567363.0390625,611024
json,large,0,0,68,83.85797214999998,563,0,1.5795596,1.5795596,83.88047215,278397.527,41278.702,1105840,778272,738561.1015625,738561.1015625,778272
json,large,0,0,70,83.85570944999999,536,0,1.5789402,1.5789402,83.87820945000001,281770.461,41690.32,1144880,899760,856794.25,856794.25,899760
json,large,0,0,69,83.85262755000001,549,0,1.579533875,1.579533875,83.87512755,285161.788,42151.804,1145536,923488,879967.203125,879967.203125,923488
json,large,0,0,70,83.8513585,533,0,1.579533875,1.579533875,83.8738585,288448.99,42621.74,1273632,927616,878564.1796875,878564.1796875,927616
json,large,0,0,69,83.85231215,560,0,1.5786853749999998,1.5786853749999998,83.87481215000001,291829.387,43080.045,1271952,848000,754119.3359375,754119.3359375,848000
json,large,0,0,70,83.8510914,543,0,1.5794076,1.5794076,83.87359140000001,295081.56,43488.404,1293184,924256,875559.4140625,875559.4140625,924256
json,large,0,0,70,83.85133605,539,0,1.5789599750000003,1.5789599750000003,83.87383605000001,298413.633,43956.126,1272128,845472,752591.5078125,752591.5078125,845472
json,large,0,0,70,83.8500546,539,0,1.5790135750000003,1.5790135750000003,83.8725546,301843.828,44412.659,1273264,837792,743822.9140625,743822.9140625,837792
json,large,0,0,70,83.8516864,538,0,1.5793569250000001,1.5793569250000001,83.8741864,305054.495,44825.078,1294944,927664,880297.921875,880297.921875,927664
json,large,0,0,70,83.85227965,547,0,1.5797665249999997,1.5797665249999997,83.87477965000001,308706.095,45310.242,1254816,819568,731620.171875,731620.171875,819568
json,large,0,1,72,6.350325699999999,544,0,1.5791518249999996,1.5791518249999996,6.372825699999999,311956.237,45765.608,1238352,802336,717797.71875,717797.71875,802336
json,large,0,1,72,6.352665549999999,532,0,1.5794556249999996,1.5794556249999996,6.375165549999999,315090.163,46173.638,1259168,887264,843472.4609375,843472.4609375,887264
json,large,0,1,73,6.34379745,531,0,1.5790176999999999,1.5790176999999999,6.36629745,318785.668,46668.666,1239744,776976,734256.3671875,734256.3671875,776976
json,large,0,1,73,6.344141250000001,533,0,1.5789502750000002,1.5789502750000002,6.366641250000001,322368.593,47146.19,1234992,826976,689795.03125,689795.03125,826976
json,large,0,1,70,6.356717300000001,550,0,1.5993787000000002,1.5993787000000002,6.3792173000000005,325777.426,47622.535,1239120,781408,724524.34375,724524.34375,781408
json,large,0,1,72,6.345531575,539,0,1.5786985,1.5786985,6.3680331275,328839.493,48026.607,1321536,939776,901155.1015625,901155.1015625,939776
json,large,0,1,72,6.3475797,536,0,1.5789296000000002,1.5789296000000002,6.3700797,332170.496,48458.224,1262144,888896,844767.6484375,844767.6484375,888896
json,large,0,1,72,6.344817450000001,542,0,1.5795574749999999,1.5795574749999999,6.367317450000001,335621.861,48925.391,1241088,758784,711591.1015625,711591.1015625,758784
json,large,0,1,73,6.3435514,534,0,1.5789745749999997,1.5789745749999997,6.3660514,338650.382,49329.402,1262992,889104,839163.625,839163.625,889104
json,large,0,1,72,6.347550999999999,530,0,1.5790058749999998,1.5790058749999998,6.370050999999999,341995.516,49788.434,1252192,889408,840175.375,840175.375,889408
json,large,1,0,72,40.32333395,551,0,1.58158565,1.58158565,40.34583395,345179.211,50203.434,1269264,905744,866814.2265625,866814.2265625,905744
json,large,1,0,72,40.32227145,537,0,1.5790732250000001,1.5790732250000001,40.34477145,348534.006,50647.281,1268608,903584,854705.578125,854705.578125,903584
json,large,1,0,72,40.32282625,534,0,1.5790292499999998,1.5790292499999998,40.34532625,351658.024,51050.475,1276544,897504,854114.21875,854114.21875,897504
json,large,1,0,71,40.32405835000001,549,0,1.5793841500000003,1.5793841500000003,40.34655835000001,355044.476,51503.925,1276432,893776,845064.0625,845064.0625,893776
json,large,1,0,72,40.321305550000005,534,0,1.579429575,1.579429575,40.343805550000006,358460.595,51983.981,1277760,908144,871455.953125,871455.953125,908144
json,large,1,0,72,40.33924495,532,0,1.5790043999999999,1.5790043999999999,40.36174495000001,361534.011,52397.678,1275120,899408,855147.0390625,855147.0390625,899408
json,large,1,0,72,40.324047699999994,546,0,1.5795858249999999,1.5795858249999999,40.346547699999995,364758.144,52831.042,1275568,895824,851527.625,851527.625,895824
json,large,1,0,73,40.321108,528,0,1.579365775,1.579365775,40.343608,367982.174,53273.519,1275424,899168,849998.359375,849998.359375,899168
json,large,1,0,73,40.320280350000004,531,0,1.57899735,1.57899735,40.34278035,371235.873,53735.013,1255808,819584,732685.46875,732685.46875,819584
json,large,1,0,72,40.32109669999999,541,0,1.5791950250000002,1.5791950250000002,40.3435967,374371.274,54153.925,1281136,897104,849436.15625,849436.15625,897104
json,large,1,1,78,5.251939650000001,529,0,1.578827475,1.578827475,5.274439650000001,377558.785,54601.132,1252512,805488,723327.1953125,723327.1953125,805488
json,large,1,1,78,5.2511664,526,0,1.5792072499999998,1.5792072499999998,5.2736664,380607.879,55012.158,1273872,891360,842581.03125,842581.03125,891360
json,large,1,1,78,5.263722400000001,528,0,1.581539775,1.581539775,5.286222400000001,383800.115,55440.983,1272896,889920,853182.7578125,853182.7578125,889920
json,large,1,1,78,5.2501694500000005,532,0,1.5787727,1.5787727,5.27266945,387142.55,55889.152,1273584,894960,846525.8046875,846525.8046875,894960
json,large,1,1,78,5.2493654,532,0,1.5791383499999998,1.5791383499999998,5.2718654,390392.151,56341.435,1252544,796208,754116.109375,754116.109375,796208
json,large,1,1,78,5.2504254,533,0,1.5794233500000001,1.5794233500000001,5.2729254,393449.412,56744.338,1274384,898176,848432.078125,848432.078125,898176
json,large,1,1,78,5.249863250000001,536,0,1.579284725,1.579284725,5.272363250000001,396518.383,57146.371,1275072,889552,839872.9921875,839872.9921875,889552
json,large,1,1,78,5.250307575000001,530,0,1.579345375,1.579345375,5.272807642500001,399752.366,57588.559,1274656,888880,850707.140625,850707.140625,888880
json,large,1,1,77,5.25302485,544,0,1.58194425,1.58194425,5.27552485,402959.737,58021.91,1274736,891728,851550.2734375,851550.2734375,891728
json,large,1,1,78,5.250865,532,0,1.579087325,1.579087325,5.273365,406571.802,58518.421,1253712,774704,732693.59375,732693.59375,774704
html,large,0,0,22,19.573380949999997,202,0.63028937465347,19.51438095,19.51438095,20.249980949999998,417813.871,60392.678,934400,777856,729088.640625,729088.640625,777856
html,large,0,0,23,19.57150795,193,0.63028937465347,19.50350795,19.50350795,20.21465795,429150.347,62276.278,885984,734880,701476.2578125,701476.2578125,734880
html,large,0,0,22,19.571605199999997,204,0.63028937465347,19.513605199999997,19.513605199999997,20.303205199999997,440746.809,64261.487,890960,715104,671543.828125,671543.828125,715104
html,large,0,0,23,19.5722385,192,0.63028937465347,19.5022385,19.5022385,20.2937885,452259.32,66288.167,883168,730592,697200.3828125,697200.3828125,730592
html,large,0,0,23,19.57170735,194,0.63028937465347,19.50870735,19.50870735,20.28330735,463738.864,68179.475,885424,708016,676253.5390625,676253.5390625,708016
html,large,0,0,22,19.57279075,206,0.63028937465347,19.52379075,19.52379075,20.27039075,475842.197,70253.213,862960,699872,646071.9375,646071.9375,699872
html,large,0,0,30,19.5714121,127,0.63028937465347,19.3184121,19.3184121,20.148462100000003,487295.104,72144.424,874176,712656,678390.4296875,678390.4296875,712656
html,large,0,0,28.000000000000004,19.5725337,133,0.63028937465347,19.4335337,19.4335337,20.2222837,498156.999,74000.742,965792,722928,624823.8984375,624823.8984375,722928
html,large,0,0,22,19.571877100000002,206,0.63028937465347,19.5048771,19.5048771,20.303027099999998,509482.698,75796.363,893168,734064,695712.9375,695712.9375,734064
html,large,0,0,22,19.57049525,197,0.63028937465347,19.50749525,19.50749525,20.27399525,521169.299,77651.757,892736,726848,683148.0390625,683148.0390625,726848
html,large,0,1,68,1.2817735499999998,194,0.63028937465347,1.20377355,1.20377355,2.08412355,532326.531,79775.433,850144,686400,649435.09375,649435.09375,686400
html,large,0,1,67,1.2768389999999998,202,0.63028937465347,1.226839,1.226839,2.028789,543163.226,81788.002,1074704,929440,891658.9296875,891658.9296875,929440
html,large,0,1,67,1.2769499,201,0.63028937465347,1.2199499,1.2199499,1.9957999000000002,554280.576,83649.776,1060096,827760,619510.2265625,619510.2265625,827760
html,large,0,1,67,1.27908795,196,0.63028937465347,1.2200879500000001,1.2200879500000001,2.00658795,565118.625,85768.744,1077952,940080,900815.046875,900815.046875,940080
html,large,0,1,67,1.28263625,203,0.63028937465347,1.22363625,1.22363625,2.05043625,577015.722,87790.776,886208,732000,698752.4296875,698752.4296875,732000
html,large,0,1,68,1.2771923,197,0.63028937465347,1.2211923000000002,1.2211923000000002,1.9693423000000003,588905.617,89717.321,878592,725264,686011.5,686011.5,725264
html,large,0,1,67,1.27729285,205,0.63028937465347,1.22129285,1.22129285,1.9798928500000001,601141.691,91701.107,879040,726128,685122.71875,685122.71875,726128
html,large,0,1,67,1.2772968,202,0.63028937465347,1.2212968000000002,1.2212968000000002,1.9824468000000002,613122.834,93525.676,887008,732864,695522.1015625,695522.1015625,732864
html,large,0,1,67,1.2789493,206,0.63028937465347,1.2199493,1.2199493,1.9865493000000003,625133.215,95317.551,898416,743872,706416.90625,706416.90625,743872
html,large,0,1,67,1.27781895,208,0.63028937465347,1.2258189499999999,1.2258189499999999,2.01231895,636970.828,97188.275,918480,764256,724623.3203125,724623.3203125,764256
json,extra-large,0,0,55.00000000000001,127.38960535,824,0,1.5795865,1.5795865,127.41210535000002,641547.665,97761.885,1185232,929824,810158.1953125,810158.1953125,929824
json,extra-large,0,0,55.00000000000001,127.38940575000001,819.0000000000002,0,1.579385925,1.579385925,127.41190575,645408.382,98241.511,1309120,1061872,1013501.34375,1013501.34375,1061872
json,extra-large,0,0,54,127.3961223,819,0,1.58536355,1.58536355,127.41862230000002,649173.571,98742.768,1425440,1064128,1017421.421875,1017421.421875,1064128
json,extra-large,0,0,55.00000000000001,127.40828884999999,818,0,1.5788792249999997,1.5788792249999997,127.43078885000001,653340.491,99381.339,1307328,1058080,1012835.859375,1012835.859375,1058080
json,extra-large,0,0,55.00000000000001,127.3890282499993,817,0,1.5789876250000001,1.5789876250000001,127.4115283849993,657369.61,99886.346,1432832,1062864,1012435.828125,1012435.828125,1062864
json,extra-large,0,0,55.00000000000001,127.38916139999999,816,0,1.5786947999999998,1.5786947999999998,127.4116614,661131.486,100341.883,1448864,1064400,1015087.578125,1015087.578125,1064400
json,extra-large,0,0,53,127.39004275,842,0,1.579542875,1.579542875,127.41254275000001,664933.074,100793.887,1451152,1061360,1017875.75,1017875.75,1061360
json,extra-large,0,0,54,127.3914922,838,0,1.5791793250000001,1.5791793250000001,127.41399220000002,669346.716,101326.963,1400800,911968,870477.6484375,870477.6484375,911968
json,extra-large,0,0,54,127.39158945,852.0000000000002,0,1.579326775,1.579326775,127.41408945,673485.255,101847.13,1398800,932240,883957.4609375,883957.4609375,932240
json,extra-large,0,0,55.00000000000001,127.3897182,821,0,1.5788275749999998,1.5788275749999998,127.4122182,677236.678,102288.992,1449456,1056384,1007511.0703125,1007511.0703125,1056384
json,extra-large,0,1,54,8.584702649999999,827.9999999999998,0,1.578787425,1.578787425,8.59970265,681636.3,102825.402,1404416,959968,918962.9296875,918962.9296875,959968
json,extra-large,0,1,55.00000000000001,8.579197449999999,822,0,1.57915585,1.57915585,8.59419745,685594.263,103275.332,1399536,925104,886377.7109375,886377.7109375,925104
json,extra-large,0,1,54,8.5817117,833,0,1.578558,1.578558,8.5967117,689315.929,103729.689,1455584,1047440,998796.296875,998796.296875,1047440
json,extra-large,0,1,54,8.58051095,819,0,1.5788868750000002,1.5788868750000002,8.59551095,693067.076,104207.823,1455216,1054096,1016920.8203125,1016920.8203125,1054096
json,extra-large,0,1,54,8.5994238,812,0,1.5794917499999996,1.5794917499999996,8.6144238,696721.99,104661.187,1455200,1057872,1009808.78125,1009808.78125,1057872
json,extra-large,0,1,54,8.58065865,826.9999999999998,0,1.5787790249999998,1.5787790249999998,8.595658649999999,700624.821,105127.495,1455232,1052240,1002996.5625,1002996.5625,1052240
json,extra-large,0,1,54,8.58148175,814,0,1.57901055,1.57901055,8.59648175,704455.558,105616.251,1455696,1052160,1009873.7109375,1009873.7109375,1052160
json,extra-large,0,1,54,8.58277455,822,0,1.5788705,1.5788705,8.597774550000002,708328.719,106072.904,1455760,1048640,1007661.1640625,1007661.1640625,1048640
json,extra-large,0,1,54,8.5963324,809.0000000000002,0,1.5788177999999997,1.5788177999999997,8.611332400000002,712518.566,106588.771,1405776,991984,946426.5234375,946426.5234375,991984
json,extra-large,0,1,54,8.596778350000001,829,0,1.5789933,1.5789933,8.61177835,716759.467,107131.566,1405584,955936,906871.3203125,906871.3203125,955936
json,extra-large,1,0,55.00000000000001,60.5940465,805.9999999999998,0,1.57875615,1.57875615,60.616546500000005,720956.655,107680.426,1430496,943328,868959.109375,868959.109375,943328
json,extra-large,1,0,55.00000000000001,60.593819950000004,816,0,1.5789163250000002,1.5789163250000002,60.616319950000005,725153.602,108226.518,1430576,926992,878259.1171875,878259.1171875,926992
json,extra-large,1,0,55.00000000000001,60.594910299999995,832,0,1.5784516000000004,1.5784516000000004,60.6174103,730504.236,109030.761,1219888,949536,911988.6953125,911988.6953125,949536
json,extra-large,1,0,55.00000000000001,60.59413789999999,812,0,1.5788309749999998,1.5788309749999998,60.61663789999999,734799.878,109616.807,1361168,939712,892522.0546875,892522.0546875,939712
json,extra-large,1,0,55.00000000000001,60.594726949999995,826.0000000000002,0,1.5786364999999998,1.5786364999999998,60.61722695000001,739090.302,110160.909,1361184,938944,872608.9453125,872608.9453125,938944
json,extra-large,1,0,55.00000000000001,60.59613615,826.9999999999998,0,1.5788762249999997,1.5788762249999997,60.61863615,743414.355,110726.389,1361232,942544,865585.1484375,865585.1484375,942544
json,extra-large,1,0,55.00000000000001,60.59359285,817,0,1.5790267749999998,1.5790267749999998,60.61609285,747707.315,111271.37,1361328,930352,873010.9609375,873010.9609375,930352
json,extra-large,1,0,55.00000000000001,60.59388755,811.0000000000002,0,1.578781425,1.578781425,60.61638755,752203.553,111843.818,1361264,940816,859384.3125,859384.3125,940816
json,extra-large,1,0,54,60.5987321,855.0000000000002,0,1.5801318500000001,1.5801318500000001,60.62123210000001,756672.262,112517.2,1238016,903824,839902.65625,839902.65625,903824
json,extra-large,1,0,55.00000000000001,60.596632299999996,847.9999999999998,0,1.5792044,1.5792044,60.6191323,760928.497,113093.875,1305200,908800,846067.8046875,846067.8046875,908800
json,extra-large,1,1,56.00000000000001,6.9412865,830,0,1.5792716499999997,1.5792716499999997,6.9637865,765281.013,113624.68,1289760,956032,828544.9453125,828544.9453125,956032
json,extra-large,1,1,55.00000000000001,6.94441195,913.0000000000002,0,1.5804181,1.5804181,6.96691195,768992.706,114088.797,1358608,1050000,999870.9921875,999870.9921875,1050000
json,extra-large,1,1,56.00000000000001,6.94970975,820.5,0,1.5804155500000001,1.5804155500000001,6.97220975,773229.275,114606.966,1369104,1033872,985654.6796875,985654.6796875,1033872
json,extra-large,1,1,56.00000000000001,6.948313099999999,841.9999999999998,0,1.579633675,1.579633675,6.9708131,777631.587,115136.38,1369216,1043856,991901.296875,991901.296875,1043856
json,extra-large,1,1,56.00000000000001,6.945455399999999,836,0,1.5786945499999998,1.5786945499999998,6.9679554,781356.305,115623.131,1427600,1051552,1008967.0234375,1008967.0234375,1051552
json,extra-large,1,1,56.00000000000001,6.954800800000001,830.9999999999998,0,1.579509675,1.579509675,6.977300800000001,785103.599,116095.225,1435568,1056176,1016662.25,1016662.25,1056176
json,extra-large,1,1,56.99999999999999,6.9430324,811.9999999999998,0,1.5793901000000001,1.5793901000000001,6.9655324,788863.083,116563.301,1438944,1048752,1002961.109375,1002961.109375,1048752
json,extra-large,1,1,56.00000000000001,6.94205965,839.0000000000002,0,1.579486375,1.579486375,6.96455965,793652.898,117169.892,1388848,912080,871858.859375,871858.859375,912080
json,extra-large,1,1,56.00000000000001,6.940631,835,0,1.5790558500000003,1.5790558500000003,6.963131,797933.587,117706.406,1378400,944368,824504.03125,824504.03125,944368
json,extra-large,1,1,56.99999999999999,6.95719725,816.9999999999998,0,1.5794841500000003,1.5794841500000003,6.979697250000001,801654.163,118150.068,1435184,1044416,1007898.140625,1007898.140625,1044416
html,extra-large,0,0,16,29.3431708,379,0.63028937465347,29.2831708,29.2831708,30.5922208,823828.162,121680.658,1040368,865184,826114.171875,826114.171875,865184
html,extra-large,0,0,16,29.342531299999997,376,0.63028937465347,29.290531299999998,29.290531299999998,30.625031300000003,846178.227,125182.04,1025488,835792,800188.7578125,800188.7578125,835792
html,extra-large,0,0,16,29.346980650000003,375,0.63028937465347,29.28098065,29.28098065,30.582480650000004,868525.923,128648.03,1026624,838320,797598.078125,797598.078125,838320
html,extra-large,0,0,16,29.34105455,370,0.63028937465347,29.28105455,29.28105455,30.639204550000002,891417.857,132194.052,1012576,844400,803045.40625,803045.40625,844400
html,extra-large,0,0,16,29.3449164,362,0.63028937465347,29.293916399999997,29.293916399999997,30.597966399999997,915147.647,135829.499,1013600,832368,790487.984375,790487.984375,832368
html,extra-large,0,0,16,29.3409365,370,0.63028937465347,29.2839365,29.2839365,30.5818865,938157.488,139339.259,1007200,826352,782858.9765625,782858.9765625,826352
html,extra-large,0,0,15,29.344255150000002,380,0.63028937465347,29.28425515,29.28425515,30.581755150000003,965036.398,143273.01,997312,806064,763898.0625,763898.0625,806064
html,extra-large,0,0,17,29.35669865,409,0.63028937465347,29.21569865,29.21569865,30.59439865,994988.195,147697.065,984688,793456,753361.5,753361.5,793456
html,extra-large,0,0,16,29.34756615,370,0.63028937465347,29.28656615,29.28656615,30.625616150000003,1025658.8,152191.138,994480,831376,785079.5625,785079.5625,831376
html,extra-large,0,0,13,29.3524585,510,0.63028937465347,29.292458500000002,29.292458500000002,30.797608500000003,1060418.434,157665.522,853712,695104,649089.2890625,649089.2890625,695104
html,extra-large,0,1,56.99999999999999,1.4741752000000001,559,0.63028937465347,1.4111752000000002,1.4111752000000002,2.9386252000000006,1089234.719,162230.116,995040,856576,812397.2421875,812397.2421875,856576
html,extra-large,0,1,62,1.4624667500000001,364,0.63028937465347,1.40846675,1.40846675,2.71896675,1112844.222,165724.7,1005712,866512,823731.0390625,823731.0390625,866512
html,extra-large,0,1,62,1.45620975,352,0.63028937465347,1.40020975,1.40020975,2.7002597500000003,1136817.457,169392.463,1001392,824736,783245.9609375,783245.9609375,824736
html,extra-large,0,1,56.99999999999999,1.46028115,554,0.63028937465347,1.36928115,1.36928115,2.9258811500000004,1160236.907,173077.295,972704,826336,776873.3125,776873.3125,826336
html,extra-large,0,1,61,1.45014515,357,0.63028937465347,1.40314515,1.40314515,2.6837451500000005,1184293.345,176723.067,972352,823440,786736.5234375,786736.5234375,823440
html,extra-large,0,1,62,1.4513582999999999,354,0.63028937465347,1.3993582999999998,1.3993582999999998,2.7114083,1209182.498,180482.486,990752,823312,789708.171875,789708.171875,823312
html,extra-large,0,1,61,1.45422465,365,0.63028937465347,1.39522465,1.39522465,2.69827465,1236253.179,184330.842,977456,825504,784134.0234375,784134.0234375,825504
html,extra-large,0,1,61,1.4508600999999999,357,0.63028937465347,1.4018601,1.4018601,2.6929101,1260376.65,187944.086,958768,817136,774369.9609375,774369.9609375,817136
html,extra-large,0,1,60,1.45014285,401,0.63028937465347,1.40314285,1.40314285,2.80864285,1292945.314,192829.669,1007664,832704,791015.6796875,791015.6796875,832704
html,extra-large,0,1,61,1.45622435,373,0.63028937465347,1.40722435,1.40722435,2.75427435,1323159.725,197403.998,983968,819472,785530.7109375,785530.7109375,819472
